-- Kitchen Admin Database Backup
-- Generated: 2025-09-22 07:36:58
-- Database: project_Semkin
-- Host: 134.90.167.42:10306
-- User: Semkin

SET SQL_MODE = "NO_AUTO_VALUE_ON_ZERO";
SET AUTOCOMMIT = 0;
START TRANSACTION;
SET time_zone = "+00:00";


--
-- Table structure for table `Chef`
--

DROP TABLE IF EXISTS `Chef`;
CREATE TABLE `Chef` (
  `ID` int(10) NOT NULL,
  `Name` varchar(20) NOT NULL,
  `Surname` varchar(20) NOT NULL,
  PRIMARY KEY (`ID`),
  KEY `ID` (`ID`)
) ENGINE=InnoDB DEFAULT CHARSET=utf8mb4 COLLATE=utf8mb4_general_ci;

--
-- Dumping data for table `Chef`
--

LOCK TABLES `Chef` WRITE;
INSERT INTO `Chef` VALUES
('1','Иван','Иванов'),
('2','Максим','Сергеев');
UNLOCK TABLES;


--
-- Table structure for table `Dish`
--

DROP TABLE IF EXISTS `Dish`;
CREATE TABLE `Dish` (
  `ID` int(10) NOT NULL AUTO_INCREMENT,
  `Name` varchar(25) NOT NULL,
  `Category` varchar(25) NOT NULL,
  `Price` int(4) NOT NULL,
  PRIMARY KEY (`ID`),
  KEY `ID` (`ID`)
) ENGINE=InnoDB AUTO_INCREMENT=18 DEFAULT CHARSET=utf8mb4 COLLATE=utf8mb4_general_ci;

--
-- Dumping data for table `Dish`
--

LOCK TABLES `Dish` WRITE;
INSERT INTO `Dish` VALUES
('1','Макароны по-флотски','Горячее','499'),
('2','Салат Цезарь','Салаты','349'),
('3','Борщ','Горячее','599'),
('4','Гороховый суп','Горячее','399'),
('5','Лапша молочная','Горячее','329'),
('6','Паста Карбонара','Паста','600'),
('7','Тирамису','Десерты','450'),
('8','Стейк Рибай','Мясо','1200'),
('9','Греческий салат','Салаты','400'),
('10','Лосось на гриле','Рыба','900'),
('11','Пицца Маргарита','Пицца','700'),
('12','Крем-суп из шампиньонов','Супы','380'),
('13','Чизкейк','Десерты','480'),
('14','Новое блюдо','Горячее','500'),
('15','Тестовое блюдо','Тест','0'),
('16','Другое блюдо','Тест','300');
UNLOCK TABLES;


--
-- Table structure for table `Dish_Chef`
--

DROP TABLE IF EXISTS `Dish_Chef`;
CREATE TABLE `Dish_Chef` (
  `Chef_ID` int(10) NOT NULL,
  `Dish_ID` int(10) NOT NULL,
  `ID` int(10) NOT NULL AUTO_INCREMENT,
  PRIMARY KEY (`ID`),
  KEY `ID` (`ID`),
  KEY `Chef_ID` (`Chef_ID`,`Dish_ID`),
  KEY `Dish_ID` (`Dish_ID`),
  CONSTRAINT `Dish_Chef_ibfk_1` FOREIGN KEY (`Chef_ID`) REFERENCES `Chef` (`ID`),
  CONSTRAINT `Dish_Chef_ibfk_2` FOREIGN KEY (`Dish_ID`) REFERENCES `Dish` (`ID`)
) ENGINE=InnoDB AUTO_INCREMENT=11 DEFAULT CHARSET=utf8mb4 COLLATE=utf8mb4_general_ci;

--
-- Dumping data for table `Dish_Chef`
--

LOCK TABLES `Dish_Chef` WRITE;
INSERT INTO `Dish_Chef` VALUES
('1','1','1'),
('1','3','2'),
('1','5','3'),
('1','7','4'),
('1','9','5'),
('2','2','6'),
('2','4','7'),
('2','6','8'),
('2','8','9'),
('2','10','10');
UNLOCK TABLES;


--
-- Table structure for table `Ingredient`
--

DROP TABLE IF EXISTS `Ingredient`;
CREATE TABLE `Ingredient` (
  `ID` int(10) NOT NULL AUTO_INCREMENT,
  `Name` varchar(30) NOT NULL,
  `Unit` varchar(10) NOT NULL,
  `Stock_Quantity` int(11) NOT NULL,
  `Ingredient_Dish` text NOT NULL,
  PRIMARY KEY (`ID`),
  KEY `ID` (`ID`)
) ENGINE=InnoDB AUTO_INCREMENT=67 DEFAULT CHARSET=utf8mb4 COLLATE=utf8mb4_general_ci;

--
-- Dumping data for table `Ingredient`
--

LOCK TABLES `Ingredient` WRITE;
INSERT INTO `Ingredient` VALUES
('1','Макароны','г','100','Макароны по-флотски'),
('2','Фарш (свиной или говяжий)','г','100','Макароны по-флотски'),
('3','Лук репчатый','шт','100','Борщ, Гороховый суп, Крем-суп из шампиньонов, Макароны по-флотски'),
('4','Чеснок','зубчик','100','Борщ, Лосось на гриле, Макароны по-флотски, Паста Карбонара, Салат Цезарь, Стейк Рибай'),
('5','Томатная паста','ст. л.','100','Борщ, Макароны по-флотски'),
('6','Соль','по вкусу','100','Борщ, Гороховый суп, Греческий салат, Лосось на гриле, Макароны по-флотски, Паста Карбонара, Пицца Маргарита, Крем-суп из шампиньонов, Стейк Рибай'),
('7','Перец','по вкусу','100','Борщ, Гороховый суп, Греческий салат, Лосось на гриле, Макароны по-флотски, Крем-суп из шампиньонов'),
('8','Растительное масло','ст. л.','100','Гороховый суп, Макароны по-флотски, Стейк Рибай'),
('9','Зелень (петрушка)','для подачи','100','Макароны по-флотски'),
('10','Листья салата романо','г','100','Салат Цезарь'),
('11','Куриное филе','г','200','Салат Цезарь'),
('12','Сухарики','г','50','Салат Цезарь'),
('13','Пармезан','г','50','Паста Карбонара, Салат Цезарь'),
('14','Помидоры черри','шт','6','Салат Цезарь'),
('15','Майонез','ст. л.','2','Салат Цезарь'),
('16','Горчица','ч. л.','1','Салат Цезарь'),
('17','Лимонный сок','ст. л.','1','Греческий салат, Салат Цезарь'),
('18','Оливковое масло','ст. л.','3','Греческий салат, Лосось на гриле, Паста Карбонара, Пицца Маргарита, Салат Цезарь, Стейк Рибай'),
('19','Свекла','шт','2','Борщ'),
('20','Картофель','шт','3','Борщ, Гороховый суп, Крем-суп из шампиньонов'),
('21','Морковь','шт','1','Борщ, Гороховый суп'),
('22','Капуста белокочанная','г','200','Борщ'),
('23','Говядина на кости','г','500','Борщ'),
('24','Лавровый лист','по вкусу','10','Борщ, Гороховый суп'),
('25','Сметана','для подачи','10','Борщ'),
('26','Зелень','для подачи','10','Борщ'),
('27','Горох','г','200','Гороховый суп'),
('28','Копчености','г','200','Гороховый суп'),
('29','Лапша (или вермишель)','г','150','Лапша молочная'),
('30','Молоко','мл','500','Лапша молочная'),
('31','Сахар','ст. л.','2','Лапша молочная'),
('32','Сливочное масло','г','80','Чизкейк, Крем-суп из шампиньонов, Лапша молочная, Стейк Рибай'),
('33','Соль','щепотка','10','Лапша молочная'),
('34','Спагетти','г','200','Паста Карбонара'),
('35','Бекон','г','100','Паста Карбонара'),
('36','Яйца','шт','3','Паста Карбонара, Чизкейк'),
('37','Черный перец','по вкусу','10','Паста Карбонара, Стейк Рибай'),
('38','Печенье савоярди','г','200','Тирамису'),
('39','Кофе эспрессо','мл','200','Тирамису'),
('40','Маскарпоне','г','250','Тирамису'),
('41','Сливки 33%','мл','200','Тирамису, Чизкейк'),
('42','Сахарная пудра','г','100','Тирамису'),
('43','Какао-порошок','посыпка','10','Тирамису'),
('44','Ликер (например, амаретто)','ст. л.','2','Тирамису'),
('45','Стейк рибай','шт','2','Стейк Рибай'),
('46','Розмарин','веточка','1','Стейк Рибай'),
('47','Помидоры','шт','2','Греческий салат'),
('48','Огурцы','шт','1','Греческий салат'),
('49','Красный лук','шт','1','Греческий салат'),
('50','Фета','г','100','Греческий салат'),
('51','Маслины','г','50','Греческий салат'),
('52','Орегано','по вкусу','10','Греческий салат'),
('53','Филе лосося','кусок','2','Лосось на гриле'),
('54','Лимон','шт','1','Лосось на гриле'),
('55','Тимьян','по вкусу','10','Лосось на гриле'),
('56','Тесто для пиццы','г','250','Пицца Маргарита'),
('57','Томатный соус','г','100','Пицца Маргарита'),
('58','Моцарелла','г','150','Пицца Маргарита'),
('59','Базилик','листиков','6','Пицца Маргарита'),
('60','Шампиньоны','г','400','Крем-суп из шампиньонов'),
('61','Сливки 20%','мл','200','Крем-суп из шампиньонов'),
('62','Бульон (куриный или овощной)','мл','500','Крем-суп из шампиньонов'),
('63','Печенье песочное','г','200','Чизкейк'),
('64','Сливочный сыр','г','500','Чизкейк'),
('65','Сахар','г','150','Чизкейк'),
('66','Ванильный экстракт','ч. л.','1','Чизкейк');
UNLOCK TABLES;


--
-- Table structure for table `Orders`
--

DROP TABLE IF EXISTS `Orders`;
CREATE TABLE `Orders` (
  `ID` int(10) NOT NULL AUTO_INCREMENT,
  `Date` date NOT NULL,
  `Time` time NOT NULL,
  `Table_Number` int(2) NOT NULL,
  PRIMARY KEY (`ID`),
  KEY `ID` (`ID`)
) ENGINE=InnoDB AUTO_INCREMENT=15 DEFAULT CHARSET=utf8mb4 COLLATE=utf8mb4_general_ci;

--
-- Dumping data for table `Orders`
--

LOCK TABLES `Orders` WRITE;
INSERT INTO `Orders` VALUES
('1','2023-12-12','20:00:00','12'),
('2','2023-12-15','21:00:00','5'),
('3','2023-12-20','18:30:00','8'),
('4','2023-12-12','20:00:00','12'),
('5','2023-12-15','21:00:00','5'),
('6','2023-12-20','18:30:00','8'),
('7','2024-01-10','19:00:00','3'),
('8','2024-01-15','12:00:00','10'),
('9','2024-02-01','14:00:00','7'),
('10','2024-02-10','17:00:00','1'),
('11','2024-03-05','20:30:00','4'),
('12','2024-03-15','13:00:00','9'),
('13','2024-04-01','15:00:00','6'),
('14','2025-06-01','17:12:02','1');
UNLOCK TABLES;


--
-- Table structure for table `Orders_Dish`
--

DROP TABLE IF EXISTS `Orders_Dish`;
CREATE TABLE `Orders_Dish` (
  `Orders_ID` int(10) NOT NULL,
  `Dish_ID` int(10) NOT NULL,
  `Quantity` int(100) NOT NULL,
  `ID` int(10) NOT NULL AUTO_INCREMENT,
  PRIMARY KEY (`ID`),
  KEY `Orders_ID` (`Orders_ID`,`Dish_ID`,`ID`),
  KEY `Dish_ID` (`Dish_ID`),
  CONSTRAINT `Orders_Dish_ibfk_1` FOREIGN KEY (`Dish_ID`) REFERENCES `Dish` (`ID`),
  CONSTRAINT `Orders_Dish_ibfk_2` FOREIGN KEY (`Orders_ID`) REFERENCES `Orders` (`ID`)
) ENGINE=InnoDB AUTO_INCREMENT=11 DEFAULT CHARSET=utf8mb4 COLLATE=utf8mb4_general_ci;

--
-- Dumping data for table `Orders_Dish`
--

LOCK TABLES `Orders_Dish` WRITE;
INSERT INTO `Orders_Dish` VALUES
('1','1','2','1'),
('2','3','1','2'),
('3','5','3','3'),
('4','2','1','4'),
('5','7','2','5'),
('6','4','1','6'),
('7','8','2','7'),
('8','10','1','8'),
('9','6','3','9'),
('10','11','2','10');
UNLOCK TABLES;


--
-- Table structure for table `Recipe`
--

DROP TABLE IF EXISTS `Recipe`;
CREATE TABLE `Recipe` (
  `ID` int(10) NOT NULL AUTO_INCREMENT,
  `Dish_ID` int(10) NOT NULL,
  `Chef_ID` int(10) NOT NULL,
  `Instructions` text NOT NULL,
  PRIMARY KEY (`ID`),
  KEY `ID` (`ID`,`Dish_ID`,`Chef_ID`),
  KEY `Dish_ID` (`Dish_ID`),
  CONSTRAINT `Recipe_ibfk_1` FOREIGN KEY (`Dish_ID`) REFERENCES `Dish` (`ID`)
) ENGINE=InnoDB AUTO_INCREMENT=14 DEFAULT CHARSET=utf8mb4 COLLATE=utf8mb4_general_ci;

--
-- Dumping data for table `Recipe`
--

LOCK TABLES `Recipe` WRITE;
INSERT INTO `Recipe` VALUES
('1','1','1','1. Отварите макароны в подсоленной воде до готовности, слейте воду.\n2. Обжарьте фарш с луком и чесноком на растительном масле до готовности.\n3. Добавьте томатную пасту, соль, перец, тушите 5 минут.\n4. Смешайте макароны с фаршем, посыпьте зеленью и подавайте.'),
('2','2','2','1. Куриное филе посолите, поперчите, обжарьте на гриле или сковороде до готовности, нарежьте ломтиками.\n2. Листья салата промойте, порвите на кусочки, выложите в миску.\n3. Добавьте нарезанные пополам черри, сухарики и курицу.\n4. Для соуса смешайте майонез, горчицу, измельченный чеснок, лимонный сок и масло.\n5. Полейте салат соусом, посыпьте тертым пармезаном и подавайте.'),
('3','3','1','1. Сварите бульон: залейте мясо 3 литрами воды, доведите до кипения, снимите пену, варите 1,5 часа.\n2. Свеклу натрите на терке, обжарьте с томатной пастой на сковороде 10 минут.\n3. Лук и морковь измельчите, обжарьте до мягкости.\n4. В бульон добавьте нарезанный картофель, варите 10 минут.\n5. Добавьте нашинкованную капусту, зажарку из лука и моркови, свеклу, лавровый лист, соль, перец. Варите еще 15 минут.\n6. В конце добавьте измельченный чеснок, дайте настояться 20 минут. Подавайте со сметаной и зеленью.'),
('4','4','2','1. Горох замочите на ночь, затем варите в 2 литрах воды 1 час до мягкости.\n2. На сковороде обжарьте нарезанные копчености, добавьте измельченные лук и морковь, жарьте 5–7 минут.\n3. В кастрюлю с горохом добавьте нарезанный картофель, варите 10 минут.\n4. Добавьте зажарку, соль, перец, лавровый лист, варите еще 10 минут.\n5. Подавайте горячим с гренками.'),
('5','5','1','1. Вскипятите молоко с сахаром и солью.\n2. Добавьте лапшу, варите на среднем огне 5–7 минут, помешивая, чтобы не пригорело.\n3. В конце добавьте сливочное масло, перемешайте.\n4. Подавайте теплой.'),
('6','6','2','1. Отварите спагетти в подсоленной воде до аль денте, слейте, сохранив 100 мл воды.\n2. На сковороде обжарьте нарезанный бекон с чесноком на оливковом масле до хрустящей корочки, чеснок уберите.\n3. В миске взбейте яйца с тертым пармезаном, солью и перцем.\n4. Смешайте горячие спагетти с беконом, снимите с огня, влейте яичную смесь, быстро перемешайте, добавляя воду от варки для кремовой текстуры.\n5. Подавайте сразу, посыпав дополнительным пармезаном.'),
('7','7','1','1. Взбейте сливки с сахарной пудрой до мягких пиков, добавьте маскарпоне, взбейте до однородности.\n2. Кофе остудите, смешайте с ликером.\n3. Каждое печенье быстро обмакните в кофе, выложите слой в форму.\n4. Нанесите слой крема, повторите слои, заканчивая кремом.\n5. Охладите 4 часа, перед подачей посыпьте какао.'),
('8','8','2','1. Стейки достаньте из холодильника за 30 минут до готовки, посолите и поперчите.\n2. Разогрейте сковороду с растительным маслом, обжарьте стейки по 3–4 минуты с каждой стороны (для средней прожарки).\n3. Добавьте сливочное масло, розмарин и чеснок, поливайте стейки маслом 1 минуту.\n4. Дайте стейкам отдохнуть 5 минут перед подачей.'),
('9','9','1','1. Нарежьте помидоры и огурцы крупными кубиками, лук – полукольцами.\n2. Смешайте овощи с маслинами, добавьте кубики феты.\n3. Для заправки смешайте оливковое масло, лимонный сок, орегано, соль и перец.\n4. Полейте салат заправкой, перемешайте и подавайте.'),
('10','10','2','1. Смешайте оливковое масло, сок лимона, измельченный чеснок, соль, перец и тимьян.\n2. Замаринуйте лосось в смеси на 15 минут.\n3. Разогрейте гриль или сковороду-гриль, жарьте лосось по 3–4 минуты с каждой стороны.\n4. Подавайте с долькой лимона.'),
('11','11','1','1. Разогрейте духовку до 250°C с противнем.\n2. Раскатайте тесто, выложите на пергамент.\n3. Смажьте тесто томатным соусом, посыпьте солью.\n4. Разложите кусочки моцареллы, сбрызните маслом.\n5. Выпекайте 10–12 минут до золотистой корочки.\n6. Украсьте листьями базилика и подавайте.'),
('12','12','2','1. На сливочном масле обжарьте нарезанный лук до мягкости.\n2. Добавьте нарезанные шампиньоны, жарьте 5–7 минут.\n3. В кастрюлю добавьте нарезанный картофель, бульон, варите 15 минут.\n4. Пюрируйте суп блендером, влейте сливки, посолите, поперчите, прогрейте.\n5. Подавайте с гренками.'),
('13','13','1','1. Измельчите печенье в крошку, смешайте с растопленным маслом, утрамбуйте в форму, уберите в холодильник.\n2. Взбейте сливочный сыр с сахаром, добавьте яйца по одному, ваниль, затем сливки.\n3. Вылейте массу на основу, выпекайте при 160°C 50–60 минут (середина должна слегка дрожать).\n4. Остудите, охладите 4 часа перед подачей.');
UNLOCK TABLES;


--
-- Table structure for table `Recipe_Ingredient`
--

DROP TABLE IF EXISTS `Recipe_Ingredient`;
CREATE TABLE `Recipe_Ingredient` (
  `Recipe_ID` int(10) NOT NULL,
  `Ingredient_ID` int(10) NOT NULL,
  PRIMARY KEY (`Recipe_ID`,`Ingredient_ID`),
  KEY `Ingredient_ID` (`Ingredient_ID`),
  CONSTRAINT `Recipe_Ingredient_ibfk_1` FOREIGN KEY (`Recipe_ID`) REFERENCES `Recipe` (`ID`) ON DELETE CASCADE,
  CONSTRAINT `Recipe_Ingredient_ibfk_2` FOREIGN KEY (`Ingredient_ID`) REFERENCES `Ingredient` (`ID`) ON DELETE CASCADE
) ENGINE=InnoDB DEFAULT CHARSET=utf8mb4 COLLATE=utf8mb4_general_ci;

--
-- Dumping data for table `Recipe_Ingredient`
--

LOCK TABLES `Recipe_Ingredient` WRITE;
INSERT INTO `Recipe_Ingredient` VALUES
('1','1'),
('1','2'),
('1','3'),
('1','4'),
('1','5'),
('1','6'),
('1','7'),
('1','8'),
('1','9'),
('2','10'),
('2','11'),
('2','12'),
('2','13'),
('2','14'),
('2','15'),
('2','16'),
('2','17'),
('2','18'),
('3','3'),
('3','4'),
('3','5'),
('3','6'),
('3','7'),
('3','19'),
('3','20'),
('3','21'),
('3','22'),
('3','23'),
('3','24'),
('3','25'),
('3','26'),
('4','3'),
('4','6'),
('4','7'),
('4','8'),
('4','20'),
('4','21'),
('4','24'),
('4','27'),
('4','28'),
('5','6'),
('5','29'),
('5','30'),
('5','31'),
('5','32'),
('5','33'),
('6','4'),
('6','6'),
('6','13'),
('6','18'),
('6','34'),
('6','35'),
('6','36'),
('6','37'),
('7','38'),
('7','39'),
('7','40'),
('7','41'),
('7','42'),
('7','43'),
('7','44'),
('8','4'),
('8','6'),
('8','8'),
('8','18'),
('8','32'),
('8','37'),
('8','45'),
('8','46'),
('9','6'),
('9','7'),
('9','17'),
('9','18'),
('9','47'),
('9','48'),
('9','49'),
('9','50'),
('9','51'),
('9','52'),
('10','4'),
('10','6'),
('10','7'),
('10','18'),
('10','53'),
('10','54'),
('10','55'),
('11','6'),
('11','18'),
('11','56'),
('11','57'),
('11','58'),
('11','59'),
('12','3'),
('12','6'),
('12','7'),
('12','20'),
('12','32'),
('12','60'),
('12','61'),
('12','62'),
('13','32'),
('13','36'),
('13','41'),
('13','63'),
('13','64'),
('13','65'),
('13','66');
UNLOCK TABLES;


--
-- Table structure for table `admins`
--

DROP TABLE IF EXISTS `admins`;
CREATE TABLE `admins` (
  `id` int(11) NOT NULL AUTO_INCREMENT,
  `username` varchar(50) NOT NULL,
  `password` varchar(255) NOT NULL,
  `failed_attempts` int(11) DEFAULT 0,
  `is_locked` tinyint(1) DEFAULT 0,
  `lock_until` datetime DEFAULT NULL,
  `last_failed_attempt` timestamp NULL DEFAULT NULL,
  `created_at` timestamp NOT NULL DEFAULT current_timestamp(),
  `updated_at` timestamp NOT NULL DEFAULT current_timestamp() ON UPDATE current_timestamp(),
  PRIMARY KEY (`id`),
  UNIQUE KEY `username` (`username`),
  KEY `idx_is_locked` (`is_locked`),
  KEY `idx_lock_until` (`lock_until`)
) ENGINE=InnoDB AUTO_INCREMENT=2 DEFAULT CHARSET=utf8mb4 COLLATE=utf8mb4_general_ci;

--
-- Dumping data for table `admins`
--

LOCK TABLES `admins` WRITE;
INSERT INTO `admins` VALUES
('1','semkin','ivan','0','0','2025-09-23 07:24:44',NULL,'2025-09-22 13:28:04','2025-09-22 14:27:01');
UNLOCK TABLES;


--
-- Table structure for table `db_logs`
--

DROP TABLE IF EXISTS `db_logs`;
CREATE TABLE `db_logs` (
  `id` int(11) NOT NULL AUTO_INCREMENT,
  `operation` varchar(255) NOT NULL,
  `timestamp` datetime DEFAULT current_timestamp(),
  `details` text DEFAULT NULL,
  PRIMARY KEY (`id`)
) ENGINE=InnoDB AUTO_INCREMENT=243 DEFAULT CHARSET=utf8mb4 COLLATE=utf8mb4_unicode_ci;

--
-- Dumping data for table `db_logs`
--

LOCK TABLES `db_logs` WRITE;
INSERT INTO `db_logs` VALUES
('1','Очистка логов','2025-04-07 03:25:51','Пользователь: неизвестно | IP: ::1 | Детали: Все логи были удалены | User-Agent: Mozilla/5.0 (X11; Linux x86_64; rv:109.0) Gecko/20100101 Firefox/115.0'),
('2','Переход по ссылке','2025-04-07 10:26:15','menu_bookИзменить рецепты'),
('3','Переход на страницу производительности','2025-04-07 10:26:19',''),
('4','Переход по ссылке','2025-04-07 10:29:55','menu_bookИзменить рецепты'),
('5','Переход на страницу производительности','2025-04-07 10:30:15',''),
('6','Переход по ссылке','2025-04-07 10:33:14','restaurantИзменить шеф-поваров'),
('7','Вход на страницу шеф-поваров','2025-04-07 03:33:14','Пользователь: неизвестно | IP: ::1 | Детали:  | User-Agent: Mozilla/5.0 (X11; Linux x86_64; rv:109.0) Gecko/20100101 Firefox/115.0'),
('8','Переход на страницу производительности','2025-04-07 10:33:18',''),
('9','Переход по ссылке','2025-04-07 10:33:24','restaurantИзменить шеф-поваров'),
('10','Переход на страницу производительности','2025-04-07 10:33:27',''),
('11','Переход по ссылке','2025-04-07 10:33:38','restaurantИзменить шеф-поваров'),
('12','Добавление шеф-повара','2025-04-07 03:33:47','Пользователь: неизвестно | IP: ::1 | Детали: ID: 3, Имя: Антон, Фамилия: Ф | User-Agent: Mozilla/5.0 (X11; Linux x86_64; rv:109.0) Gecko/20100101 Firefox/115.0'),
('13','Удаление шеф-повара','2025-04-07 03:33:50','Пользователь: неизвестно | IP: ::1 | Детали: ID: 3 | User-Agent: Mozilla/5.0 (X11; Linux x86_64; rv:109.0) Gecko/20100101 Firefox/115.0'),
('14','Переход на страницу производительности','2025-04-07 10:33:51',''),
('15','Переход по ссылке','2025-04-07 10:36:15','restaurantИзменить шеф-поваров'),
('16','Переход на страницу производительности','2025-04-07 10:36:19',''),
('17','Переход по ссылке','2025-04-07 10:48:04','menu_bookИзменить рецепты'),
('18','Переход на страницу производительности','2025-04-07 10:49:27',''),
('19','Переход по ссылке','2025-04-07 10:50:55','local_diningИзменить блюда'),
('20','Вход на страницу блюд','2025-04-07 03:50:55','Пользователь: неизвестно | IP: ::1 | Детали:  | User-Agent: Mozilla/5.0 (X11; Linux x86_64; rv:109.0) Gecko/20100101 Firefox/115.0'),
('21','Переход на страницу производительности','2025-04-07 10:51:01',''),
('22','Вход на страницу ингредиентов','2025-04-07 03:53:47','Пользователь: неизвестно | IP: ::1 | Детали:  | User-Agent: Mozilla/5.0 (X11; Linux x86_64; rv:109.0) Gecko/20100101 Firefox/115.0'),
('23','Переход на страницу производительности','2025-04-07 10:53:55',''),
('24','Переход по ссылке','2025-04-07 10:54:04','kitchenИзменить ингредиенты'),
('25','Переход на страницу производительности','2025-04-07 10:54:06',''),
('26','Скачивание логов','2025-04-07 03:54:13','Пользователь: неизвестно | IP: ::1 | Детали: Файл: system_logs_2025-04-07_035413.txt | User-Agent: Mozilla/5.0 (X11; Linux x86_64; rv:109.0) Gecko/20100101 Firefox/115.0'),
('27','Переход по ссылке','2025-04-07 10:56:13','shopping_cartИзменить заказы'),
('28','Вход на страницу заказов','2025-04-07 03:56:13','Пользователь: неизвестно | IP: ::1 | Детали:  | User-Agent: Mozilla/5.0 (X11; Linux x86_64; rv:109.0) Gecko/20100101 Firefox/115.0'),
('29','Переход по ссылке','2025-04-07 10:58:23','menu_bookИзменить рецепты'),
('30','Вход на страницу рецептов','2025-04-07 03:58:23','Пользователь: неизвестно | IP: ::1 | Детали:  | User-Agent: Mozilla/5.0 (X11; Linux x86_64; rv:109.0) Gecko/20100101 Firefox/115.0'),
('31','Переход на страницу производительности','2025-04-07 10:58:28',''),
('32','Закрытие SQL-консоли','2025-04-07 11:08:08',''),
('33','Выполнение SQL-запроса','2025-04-07 11:08:12','Запрос: SHOW ENGINES;'),
('34','SQL-запрос выполнен с результатом','2025-04-07 11:08:12','Запрос: SHOW ENGINES;, Строк возвращено: 8'),
('35','Вход на страницу производительности','2025-04-10 10:48:01','Пользователь: неизвестно | IP: ::1 | Детали:  | User-Agent: Mozilla/5.0 (Windows NT 10.0; Win64; x64) AppleWebKit/537.36 (KHTML, like Gecko) Chrome/132.0.0.0 YaBrowser/25.2.0.0 Safari/537.36'),
('36','Вход на страницу шеф-поваров','2025-04-10 10:49:13','Пользователь: неизвестно | IP: ::1 | Детали:  | User-Agent: Mozilla/5.0 (Windows NT 10.0; Win64; x64) AppleWebKit/537.36 (KHTML, like Gecko) Chrome/132.0.0.0 YaBrowser/25.2.0.0 Safari/537.36'),
('37','Вход на страницу блюд','2025-04-10 10:52:17','Пользователь: неизвестно | IP: ::1 | Детали:  | User-Agent: Mozilla/5.0 (Windows NT 10.0; Win64; x64) AppleWebKit/537.36 (KHTML, like Gecko) Chrome/132.0.0.0 YaBrowser/25.2.0.0 Safari/537.36'),
('38','Добавление шеф-повара','2025-04-10 11:06:40','Пользователь: неизвестно | IP: ::1 | Детали: ID: 3, Имя: Nertoff, Фамилия: Иван | User-Agent: Mozilla/5.0 (Windows NT 10.0; Win64; x64) AppleWebKit/537.36 (KHTML, like Gecko) Chrome/132.0.0.0 YaBrowser/25.2.0.0 Safari/537.36'),
('39','Удаление шеф-повара','2025-04-10 11:06:43','Пользователь: неизвестно | IP: ::1 | Детали: ID: 3 | User-Agent: Mozilla/5.0 (Windows NT 10.0; Win64; x64) AppleWebKit/537.36 (KHTML, like Gecko) Chrome/132.0.0.0 YaBrowser/25.2.0.0 Safari/537.36'),
('40','Переход по ссылке','2025-04-11 10:56:47','menu_bookИзменить рецепты'),
('41','Вход на страницу рецептов','2025-04-11 03:56:47','Пользователь: неизвестно | IP: ::1 | Детали:  | User-Agent: Mozilla/5.0 (X11; Linux x86_64; rv:109.0) Gecko/20100101 Firefox/115.0'),
('42','Вход на страницу производительности','2025-04-11 03:56:59','Пользователь: неизвестно | IP: ::1 | Детали:  | User-Agent: Mozilla/5.0 (X11; Linux x86_64; rv:109.0) Gecko/20100101 Firefox/115.0'),
('43','Переход на страницу производительности','2025-04-11 10:56:59',''),
('44','Вход на страницу ингредиентов','2025-04-11 03:57:21','Пользователь: неизвестно | IP: ::1 | Детали:  | User-Agent: Mozilla/5.0 (X11; Linux x86_64; rv:109.0) Gecko/20100101 Firefox/115.0'),
('45','Переход по ссылке','2025-04-11 10:57:45','kitchenИзменить ингредиенты'),
('46','Переход на страницу производительности','2025-04-11 11:01:12',''),
('47','Переход по ссылке','2025-04-11 11:01:39','menu_bookИзменить рецепты'),
('48','Переход по ссылке','2025-04-11 11:01:49','menu_bookИзменить рецепты'),
('49','Закрытие SQL-консоли','2025-04-11 11:02:00',''),
('50','Переход по ссылке','2025-04-11 11:23:01','shopping_cartИзменить заказы'),
('51','Вход на страницу заказов','2025-04-11 04:23:01','Пользователь: неизвестно | IP: ::1 | Детали:  | User-Agent: Mozilla/5.0 (X11; Linux x86_64; rv:109.0) Gecko/20100101 Firefox/115.0'),
('52','Вход на страницу блюд','2025-04-11 04:23:12','Пользователь: неизвестно | IP: ::1 | Детали:  | User-Agent: Mozilla/5.0 (X11; Linux x86_64; rv:109.0) Gecko/20100101 Firefox/115.0'),
('53','Вход на страницу шеф-поваров','2025-04-11 04:23:22','Пользователь: неизвестно | IP: ::1 | Детали:  | User-Agent: Mozilla/5.0 (X11; Linux x86_64; rv:109.0) Gecko/20100101 Firefox/115.0'),
('54','Переход на страницу производительности','2025-04-11 11:23:53',''),
('55','Открытие модального окна выхода','2025-04-11 11:47:29',''),
('56','Отмена выхода из системы','2025-04-11 11:47:34',''),
('57','Открытие модального окна выхода','2025-04-11 11:47:36',''),
('58','Отмена выхода из системы','2025-04-11 11:47:36',''),
('59','Закрытие SQL-консоли','2025-04-11 11:47:39',''),
('60','Открытие SQL-консоли','2025-04-11 11:47:40',''),
('61','Переход по ссылке','2025-04-11 11:47:47','restaurantИзменить шеф-поваров'),
('62','Переход по ссылке','2025-04-11 11:47:53','kitchenИзменить ингредиенты'),
('63','Переключение темы','2025-04-11 11:48:19','Темная тема'),
('64','Переключение темы','2025-04-11 11:48:25','Светлая тема'),
('65','Переключение темы','2025-04-11 11:48:26','Темная тема'),
('66','Переключение темы','2025-04-11 11:48:27','Светлая тема'),
('67','Переключение темы','2025-04-11 11:48:28','Темная тема'),
('68','Переключение темы','2025-04-11 11:48:28','Светлая тема'),
('69','Переключение темы','2025-04-11 11:48:30','Темная тема'),
('70','Переключение темы','2025-04-11 11:48:32','Светлая тема'),
('71','Открытие модального окна выхода','2025-04-22 10:18:50',''),
('72','Выход из системы','2025-04-22 10:18:51','Сессия завершена для пользователя неизвестно'),
('73','Вход на страницу производительности','2025-04-23 16:23:14','Пользователь: неизвестно | IP: ::1 | Детали:  | User-Agent: Mozilla/5.0 (Windows NT 10.0; Win64; x64) AppleWebKit/537.36 (KHTML, like Gecko) Chrome/132.0.0.0 YaBrowser/25.2.0.0 Safari/537.36'),
('74','Вход на страницу шеф-поваров','2025-04-23 16:23:22','Пользователь: неизвестно | IP: ::1 | Детали:  | User-Agent: Mozilla/5.0 (Windows NT 10.0; Win64; x64) AppleWebKit/537.36 (KHTML, like Gecko) Chrome/132.0.0.0 YaBrowser/25.2.0.0 Safari/537.36'),
('75','Вход на страницу шеф-поваров','2025-04-23 16:37:50','Пользователь: неизвестно | IP: ::1 | Детали:  | User-Agent: Mozilla/5.0 (Windows NT 10.0; Win64; x64) AppleWebKit/537.36 (KHTML, like Gecko) Chrome/132.0.0.0 YaBrowser/25.2.0.0 Safari/537.36'),
('76','Вход на страницу ингредиентов','2025-04-23 16:38:19','Пользователь: неизвестно | IP: ::1 | Детали:  | User-Agent: Mozilla/5.0 (Windows NT 10.0; Win64; x64) AppleWebKit/537.36 (KHTML, like Gecko) Chrome/132.0.0.0 YaBrowser/25.2.0.0 Safari/537.36'),
('77','Вход на страницу рецептов','2025-04-23 16:40:46','Пользователь: неизвестно | IP: ::1 | Детали:  | User-Agent: Mozilla/5.0 (Windows NT 10.0; Win64; x64) AppleWebKit/537.36 (KHTML, like Gecko) Chrome/132.0.0.0 YaBrowser/25.2.0.0 Safari/537.36'),
('78','Вход на страницу блюд','2025-04-23 16:41:05','Пользователь: неизвестно | IP: ::1 | Детали:  | User-Agent: Mozilla/5.0 (Windows NT 10.0; Win64; x64) AppleWebKit/537.36 (KHTML, like Gecko) Chrome/132.0.0.0 YaBrowser/25.2.0.0 Safari/537.36'),
('79','Вход на страницу заказов','2025-04-23 16:41:38','Пользователь: неизвестно | IP: ::1 | Детали:  | User-Agent: Mozilla/5.0 (Windows NT 10.0; Win64; x64) AppleWebKit/537.36 (KHTML, like Gecko) Chrome/132.0.0.0 YaBrowser/25.2.0.0 Safari/537.36'),
('80','Вход на страницу производительности','2025-04-23 16:43:38','Пользователь: неизвестно | IP: ::1 | Детали:  | User-Agent: Mozilla/5.0 (Windows NT 10.0; Win64; x64) AppleWebKit/537.36 (KHTML, like Gecko) Chrome/132.0.0.0 YaBrowser/25.2.0.0 Safari/537.36'),
('81','Вход на страницу производительности','2025-04-24 03:23:54','Пользователь: неизвестно | IP: ::1 | Детали:  | User-Agent: Mozilla/5.0 (X11; Linux x86_64; rv:109.0) Gecko/20100101 Firefox/115.0'),
('82','Переход на страницу производительности','2025-04-24 10:23:54',''),
('83','Получение списка пользователей','2025-04-24 10:24:21','Выполнена команда: ssh -o StrictHostKeyChecking=no -o UserKnownHostsFile=/dev/null -i \'/home/student-5/.ssh/id_rsa_redos\' \'root@172.17.0.250\' \'getent passwd | grep \'\\\'\'/home\'\\\'\' | cut -d: -f1\''),
('84','Ошибка получения списка пользователей','2025-04-24 10:24:24','ssh: connect to host 172.17.0.250 port 22: Connection refused'),
('85','Открытие модального окна добавления пользователя','2025-04-24 10:24:25',''),
('86','Закрытие модального окна добавления пользователя','2025-04-24 10:24:30',''),
('87','Переход по ссылке','2025-04-24 10:34:59','menu_bookИзменить рецепты'),
('88','Вход на страницу рецептов','2025-04-24 03:34:59','Пользователь: неизвестно | IP: ::1 | Детали:  | User-Agent: Mozilla/5.0 (X11; Linux x86_64; rv:109.0) Gecko/20100101 Firefox/115.0'),
('89','Вход на страницу ингредиентов','2025-04-24 03:35:06','Пользователь: неизвестно | IP: ::1 | Детали:  | User-Agent: Mozilla/5.0 (X11; Linux x86_64; rv:109.0) Gecko/20100101 Firefox/115.0'),
('90','Переход по ссылке','2025-04-24 10:35:20','menu_bookИзменить рецепты'),
('91','Переход по ссылке','2025-04-24 10:35:41','shopping_cartИзменить заказы'),
('92','Вход на страницу заказов','2025-04-24 03:35:41','Пользователь: неизвестно | IP: ::1 | Детали:  | User-Agent: Mozilla/5.0 (X11; Linux x86_64; rv:109.0) Gecko/20100101 Firefox/115.0'),
('93','Удаление заказа','2025-04-24 03:35:45','Пользователь: неизвестно | IP: ::1 | Детали: ID: 1 | User-Agent: Mozilla/5.0 (X11; Linux x86_64; rv:109.0) Gecko/20100101 Firefox/115.0'),
('94','Закрытие SQL-консоли','2025-04-24 10:36:00',''),
('95','Выполнение SQL-запроса','2025-04-24 10:36:08','Запрос: show tables'),
('96','SQL-запрос выполнен с результатом','2025-04-24 10:36:08','Запрос: show tables, Строк возвращено: 10'),
('97','Скачивание результата запроса','2025-04-24 10:36:16','Запрос: show tables, Формат: xlsx'),
('98','Скачивание результата запроса','2025-04-24 10:37:15','Запрос: show tables, Формат: xlsx'),
('99','Выполнение SQL-запроса','2025-04-24 10:38:12','Запрос: select * from Ingredient;'),
('100','SQL-запрос выполнен с результатом','2025-04-24 10:38:12','Запрос: select * from Ingredient;, Строк возвращено: 66'),
('101','Скачивание результата запроса','2025-04-24 10:38:15','Запрос: select * from Ingredient;, Формат: xlsx'),
('102','Скачивание результата запроса','2025-04-24 10:39:30','Запрос: select * from Ingredient;, Формат: csv'),
('103','Переход на страницу производительности','2025-04-24 10:40:00',''),
('104','Скачивание логов','2025-04-24 03:40:02','Пользователь: неизвестно | IP: ::1 | Детали: Файл: system_logs_2025-04-24_034002.txt | User-Agent: Mozilla/5.0 (X11; Linux x86_64; rv:109.0) Gecko/20100101 Firefox/115.0'),
('105','Переключение темы','2025-04-24 10:40:20','Темная тема'),
('106','Переключение темы','2025-04-24 10:40:20','Светлая тема'),
('107','Переход по ссылке','2025-04-24 10:40:23','local_diningИзменить блюда'),
('108','Вход на страницу блюд','2025-04-24 03:40:23','Пользователь: неизвестно | IP: ::1 | Детали:  | User-Agent: Mozilla/5.0 (X11; Linux x86_64; rv:109.0) Gecko/20100101 Firefox/115.0'),
('109','Переход по ссылке','2025-04-24 10:40:33','restaurantИзменить шеф-поваров'),
('110','Вход на страницу шеф-поваров','2025-04-24 03:40:33','Пользователь: неизвестно | IP: ::1 | Детали:  | User-Agent: Mozilla/5.0 (X11; Linux x86_64; rv:109.0) Gecko/20100101 Firefox/115.0'),
('111','Получение списка пользователей','2025-04-24 10:41:46','Выполнена команда: ssh -o StrictHostKeyChecking=no -o UserKnownHostsFile=/dev/null -i \'/home/student-5/.ssh/id_rsa_redos\' \'root@172.17.0.250\' \'getent passwd | grep \'\\\'\'/home\'\\\'\' | cut -d: -f1\''),
('112','Список пользователей получен','2025-04-24 10:41:46','Количество пользователей: 2'),
('113','Открытие модального окна добавления пользователя','2025-04-24 10:41:46',''),
('114','Закрытие модального окна добавления пользователя','2025-04-24 10:41:52',''),
('115','Переход по ссылке','2025-04-24 10:41:53','desktop_windowsПодключиться через VNC'),
('116','Запуск VNC-подключения','2025-04-24 10:41:53',''),
('117','Получение списка пользователей','2025-04-24 10:42:09','Выполнена команда: ssh -o StrictHostKeyChecking=no -o UserKnownHostsFile=/dev/null -i \'/home/student-5/.ssh/id_rsa_redos\' \'root@172.17.0.250\' \'getent passwd | grep \'\\\'\'/home\'\\\'\' | cut -d: -f1\''),
('118','Список пользователей получен','2025-04-24 10:42:10','Количество пользователей: 2'),
('119','Открытие модального окна добавления пользователя','2025-04-24 10:42:10',''),
('120','Закрытие модального окна добавления пользователя','2025-04-24 10:42:13',''),
('121','Переход по ссылке','2025-04-24 10:42:32','desktop_windowsПодключиться через VNC'),
('122','Запуск VNC-подключения','2025-04-24 10:42:32',''),
('123','Переход по ссылке','2025-04-24 10:42:39','desktop_windowsПодключиться через VNC'),
('124','Запуск VNC-подключения','2025-04-24 10:42:39',''),
('125','Получение списка пользователей','2025-04-24 10:42:44','Выполнена команда: ssh -o StrictHostKeyChecking=no -o UserKnownHostsFile=/dev/null -i \'/home/student-5/.ssh/id_rsa_redos\' \'root@172.17.0.250\' \'getent passwd | grep \'\\\'\'/home\'\\\'\' | cut -d: -f1\''),
('126','Список пользователей получен','2025-04-24 10:42:45','Количество пользователей: 2'),
('127','Открытие модального окна добавления пользователя','2025-04-24 10:42:45',''),
('128','Закрытие модального окна добавления пользователя','2025-04-24 10:42:48',''),
('129','Переход по ссылке','2025-04-24 10:43:15','desktop_windowsПодключиться через VNC'),
('130','Запуск VNC-подключения','2025-04-24 10:43:15',''),
('131','Переход по ссылке','2025-04-24 10:43:24','desktop_windowsПодключиться через VNC'),
('132','Запуск VNC-подключения','2025-04-24 10:43:24',''),
('133','Получение списка пользователей','2025-04-24 10:43:38','Выполнена команда: ssh -o StrictHostKeyChecking=no -o UserKnownHostsFile=/dev/null -i \'/home/student-5/.ssh/id_rsa_redos\' \'root@172.17.0.250\' \'getent passwd | grep \'\\\'\'/home\'\\\'\' | cut -d: -f1\''),
('134','Список пользователей получен','2025-04-24 10:43:38','Количество пользователей: 2'),
('135','Открытие модального окна добавления пользователя','2025-04-24 10:43:38',''),
('136','Добавление пользователя','2025-04-24 10:44:02','Команда: ssh -o StrictHostKeyChecking=no -o UserKnownHostsFile=/dev/null -i \'/home/student-5/.ssh/id_rsa_redos\' \'root@172.17.0.250\' \'useradd -m -s /bin/bash \'\\\'\'111\'\\\'\' && echo \'\\\'\'111:nert3531\'\\\'\' | chpasswd\''),
('137','Ошибка добавления пользователя','2025-04-24 10:44:03','Warning: Permanently added \'172.17.0.250\' (ED25519) to the list of known hosts.\nuseradd: invalid user name \'111\': use --badname to ignore'),
('138','Ошибка добавления пользователя','2025-04-24 10:44:03','Ошибка при создании пользователя: Warning: Permanently added \'172.17.0.250\' (ED25519) to the list of known hosts.\r\nuseradd: invalid user name \'111\': use --badname to ignore'),
('139','Добавление пользователя','2025-04-24 10:44:19','Команда: ssh -o StrictHostKeyChecking=no -o UserKnownHostsFile=/dev/null -i \'/home/student-5/.ssh/id_rsa_redos\' \'root@172.17.0.250\' \'useradd -m -s /bin/bash \'\\\'\'student1\'\\\'\' && echo \'\\\'\'student1:nert3531\'\\\'\' | chpasswd\''),
('140','Пользователь успешно добавлен','2025-04-24 10:44:19','Имя: student1'),
('141','Успешное добавление пользователя','2025-04-24 10:44:19','Имя: student1'),
('142','Получение списка пользователей','2025-04-24 10:44:21','Выполнена команда: ssh -o StrictHostKeyChecking=no -o UserKnownHostsFile=/dev/null -i \'/home/student-5/.ssh/id_rsa_redos\' \'root@172.17.0.250\' \'getent passwd | grep \'\\\'\'/home\'\\\'\' | cut -d: -f1\''),
('143','Список пользователей получен','2025-04-24 10:44:21','Количество пользователей: 3'),
('144','Закрытие модального окна добавления пользователя','2025-04-24 10:44:22',''),
('145','Получение списка пользователей','2025-04-24 10:44:23','Выполнена команда: ssh -o StrictHostKeyChecking=no -o UserKnownHostsFile=/dev/null -i \'/home/student-5/.ssh/id_rsa_redos\' \'root@172.17.0.250\' \'getent passwd | grep \'\\\'\'/home\'\\\'\' | cut -d: -f1\''),
('146','Список пользователей получен','2025-04-24 10:44:23','Количество пользователей: 3'),
('147','Открытие модального окна удаления пользователя','2025-04-24 10:44:23',''),
('148','Закрытие модального окна удаления пользователя','2025-04-24 10:44:27',''),
('149','Получение списка пользователей','2025-04-24 10:44:29','Выполнена команда: ssh -o StrictHostKeyChecking=no -o UserKnownHostsFile=/dev/null -i \'/home/student-5/.ssh/id_rsa_redos\' \'root@172.17.0.250\' \'getent passwd | grep \'\\\'\'/home\'\\\'\' | cut -d: -f1\''),
('150','Список пользователей получен','2025-04-24 10:44:29','Количество пользователей: 3'),
('151','Открытие модального окна добавления пользователя','2025-04-24 10:44:29',''),
('152','Получение списка пользователей','2025-04-24 10:48:27','Выполнена команда: ssh -o StrictHostKeyChecking=no -o UserKnownHostsFile=/dev/null -i \'/home/student-5/.ssh/id_rsa_redos\' \'root@172.17.0.250\' \'getent passwd | grep \'\\\'\'/home\'\\\'\' | cut -d: -f1\''),
('153','Список пользователей получен','2025-04-24 10:48:27','Количество пользователей: 2'),
('154','Открытие модального окна добавления пользователя','2025-04-24 10:48:27',''),
('155','Закрытие модального окна добавления пользователя','2025-04-24 10:48:29',''),
('156','Получение списка пользователей','2025-04-24 10:48:29','Выполнена команда: ssh -o StrictHostKeyChecking=no -o UserKnownHostsFile=/dev/null -i \'/home/student-5/.ssh/id_rsa_redos\' \'root@172.17.0.250\' \'getent passwd | grep \'\\\'\'/home\'\\\'\' | cut -d: -f1\''),
('157','Список пользователей получен','2025-04-24 10:48:30','Количество пользователей: 2'),
('158','Открытие модального окна удаления пользователя','2025-04-24 10:48:30',''),
('159','Удаление пользователя','2025-04-24 10:48:36','Команда: ssh -o StrictHostKeyChecking=no -o UserKnownHostsFile=/dev/null -i \'/home/student-5/.ssh/id_rsa_redos\' \'root@172.17.0.250\' \'userdel -r \'\\\'\'student1\'\\\'\'\''),
('160','Пользователь успешно удален','2025-04-24 10:48:36','Имя: student1'),
('161','Успешное удаление пользователя','2025-04-24 10:48:36','Имя: student1'),
('162','Закрытие модального окна удаления пользователя','2025-04-24 10:48:38',''),
('163','Получение списка пользователей','2025-04-24 10:48:38','Выполнена команда: ssh -o StrictHostKeyChecking=no -o UserKnownHostsFile=/dev/null -i \'/home/student-5/.ssh/id_rsa_redos\' \'root@172.17.0.250\' \'getent passwd | grep \'\\\'\'/home\'\\\'\' | cut -d: -f1\''),
('164','Список пользователей получен','2025-04-24 10:48:38','Количество пользователей: 1'),
('165','Закрытие модального окна удаления пользователя','2025-04-24 10:48:38',''),
('166','Получение списка пользователей','2025-04-24 10:48:40','Выполнена команда: ssh -o StrictHostKeyChecking=no -o UserKnownHostsFile=/dev/null -i \'/home/student-5/.ssh/id_rsa_redos\' \'root@172.17.0.250\' \'getent passwd | grep \'\\\'\'/home\'\\\'\' | cut -d: -f1\''),
('167','Список пользователей получен','2025-04-24 10:48:40','Количество пользователей: 1'),
('168','Открытие модального окна добавления пользователя','2025-04-24 10:48:40',''),
('169','Добавление пользователя','2025-04-24 10:48:53','Команда: ssh -o StrictHostKeyChecking=no -o UserKnownHostsFile=/dev/null -i \'/home/student-5/.ssh/id_rsa_redos\' \'root@172.17.0.250\' \'useradd -m -s /bin/bash \'\\\'\'student1\'\\\'\' && echo \'\\\'\'student1:12345\'\\\'\' | chpasswd\''),
('170','Пользователь успешно добавлен','2025-04-24 10:48:54','Имя: student1'),
('171','Успешное добавление пользователя','2025-04-24 10:48:54','Имя: student1'),
('172','Закрытие модального окна добавления пользователя','2025-04-24 10:48:56',''),
('173','Получение списка пользователей','2025-04-24 10:48:56','Выполнена команда: ssh -o StrictHostKeyChecking=no -o UserKnownHostsFile=/dev/null -i \'/home/student-5/.ssh/id_rsa_redos\' \'root@172.17.0.250\' \'getent passwd | grep \'\\\'\'/home\'\\\'\' | cut -d: -f1\''),
('174','Список пользователей получен','2025-04-24 10:48:56','Количество пользователей: 2'),
('175','Открытие модального окна удаления пользователя','2025-04-24 10:48:56',''),
('176','Получение списка пользователей','2025-04-24 10:48:56','Выполнена команда: ssh -o StrictHostKeyChecking=no -o UserKnownHostsFile=/dev/null -i \'/home/student-5/.ssh/id_rsa_redos\' \'root@172.17.0.250\' \'getent passwd | grep \'\\\'\'/home\'\\\'\' | cut -d: -f1\''),
('177','Список пользователей получен','2025-04-24 10:48:56','Количество пользователей: 2'),
('178','Закрытие модального окна добавления пользователя','2025-04-24 10:48:56',''),
('179','Удаление пользователя','2025-04-24 10:49:01','Команда: ssh -o StrictHostKeyChecking=no -o UserKnownHostsFile=/dev/null -i \'/home/student-5/.ssh/id_rsa_redos\' \'root@172.17.0.250\' \'userdel -r \'\\\'\'student1\'\\\'\'\''),
('180','Пользователь успешно удален','2025-04-24 10:49:01','Имя: student1'),
('181','Успешное удаление пользователя','2025-04-24 10:49:01','Имя: student1'),
('182','Получение списка пользователей','2025-04-24 10:49:03','Выполнена команда: ssh -o StrictHostKeyChecking=no -o UserKnownHostsFile=/dev/null -i \'/home/student-5/.ssh/id_rsa_redos\' \'root@172.17.0.250\' \'getent passwd | grep \'\\\'\'/home\'\\\'\' | cut -d: -f1\''),
('183','Список пользователей получен','2025-04-24 10:49:04','Количество пользователей: 1'),
('184','Закрытие модального окна удаления пользователя','2025-04-24 10:49:04',''),
('185','Закрытие SQL-консоли','2025-04-24 14:02:13',''),
('186','Переход по ссылке','2025-04-24 14:02:17','restaurantИзменить шеф-поваров'),
('187','Переход по ссылке','2025-04-24 14:02:33','kitchenИзменить ингредиенты'),
('188','Переход по ссылке','2025-04-24 14:02:38','menu_bookИзменить рецепты'),
('189','Переход по ссылке','2025-04-24 14:02:58','local_diningИзменить блюда'),
('190','Переход по ссылке','2025-04-24 14:03:16','shopping_cartИзменить заказы'),
('191','Закрытие SQL-консоли','2025-04-24 14:03:27',''),
('192','Переход по ссылке','2025-04-24 14:03:33','desktop_windowsПодключиться через VNC'),
('193','Запуск VNC-подключения','2025-04-24 14:03:33',''),
('194','Получение списка пользователей','2025-04-24 14:03:55','Выполнена команда: ssh -o StrictHostKeyChecking=no -o UserKnownHostsFile=/dev/null -i \'/home/student-5/.ssh/id_rsa_redos\' \'root@172.17.0.250\' \'getent passwd | grep \'\\\'\'/home\'\\\'\' | cut -d: -f1\''),
('195','Список пользователей получен','2025-04-24 14:03:56','Количество пользователей: 1'),
('196','Открытие модального окна добавления пользователя','2025-04-24 14:03:56',''),
('197','Закрытие модального окна добавления пользователя','2025-04-24 14:03:57',''),
('198','Переход на страницу производительности','2025-04-24 14:04:00',''),
('199','Скачивание логов','2025-04-24 07:04:17','Пользователь: неизвестно | IP: ::1 | Детали: Файл: system_logs_2025-04-24_070417.txt | User-Agent: Mozilla/5.0 (X11; Linux x86_64; rv:109.0) Gecko/20100101 Firefox/115.0'),
('200','Закрытие SQL-консоли','2025-04-24 14:04:32',''),
('201','Выполнение SQL-запроса','2025-04-24 14:04:42','Запрос: show tables'),
('202','SQL-запрос выполнен с результатом','2025-04-24 14:04:42','Запрос: show tables, Строк возвращено: 10'),
('203','Вход на страницу блюд','2025-05-21 11:07:54','Пользователь: неизвестно | IP: ::1 | Детали:  | User-Agent: Mozilla/5.0 (Windows NT 10.0; Win64; x64) AppleWebKit/537.36 (KHTML, like Gecko) Chrome/134.0.0.0 YaBrowser/25.4.0.0 Safari/537.36'),
('204','Вход на страницу заказов','2025-05-21 11:16:53','Пользователь: неизвестно | IP: ::1 | Детали:  | User-Agent: Mozilla/5.0 (Windows NT 10.0; Win64; x64) AppleWebKit/537.36 (KHTML, like Gecko) Chrome/134.0.0.0 YaBrowser/25.4.0.0 Safari/537.36'),
('205','Вход на страницу шеф-поваров','2025-05-21 11:34:29','Пользователь: неизвестно | IP: ::1 | Детали:  | User-Agent: Mozilla/5.0 (Windows NT 10.0; Win64; x64) AppleWebKit/537.36 (KHTML, like Gecko) Chrome/134.0.0.0 YaBrowser/25.4.0.0 Safari/537.36'),
('206','Вход на страницу ингредиентов','2025-05-21 11:34:59','Пользователь: неизвестно | IP: ::1 | Детали:  | User-Agent: Mozilla/5.0 (Windows NT 10.0; Win64; x64) AppleWebKit/537.36 (KHTML, like Gecko) Chrome/134.0.0.0 YaBrowser/25.4.0.0 Safari/537.36'),
('207','Вход на страницу рецептов','2025-05-21 11:35:10','Пользователь: неизвестно | IP: ::1 | Детали:  | User-Agent: Mozilla/5.0 (Windows NT 10.0; Win64; x64) AppleWebKit/537.36 (KHTML, like Gecko) Chrome/134.0.0.0 YaBrowser/25.4.0.0 Safari/537.36'),
('208','Вход на страницу производительности','2025-06-03 07:52:10','Пользователь: неизвестно | IP: ::1 | Детали:  | User-Agent: Mozilla/5.0 (Windows NT 10.0; Win64; x64) AppleWebKit/537.36 (KHTML, like Gecko) Chrome/134.0.0.0 YaBrowser/25.4.0.0 Safari/537.36'),
('209','Вход на страницу блюд','2025-06-03 07:59:25','Пользователь: неизвестно | IP: ::1 | Детали:  | User-Agent: Mozilla/5.0 (Windows NT 10.0; Win64; x64) AppleWebKit/537.36 (KHTML, like Gecko) Chrome/134.0.0.0 YaBrowser/25.4.0.0 Safari/537.36'),
('210','Вход на страницу заказов','2025-06-03 08:03:34','Пользователь: неизвестно | IP: ::1 | Детали:  | User-Agent: Mozilla/5.0 (Windows NT 10.0; Win64; x64) AppleWebKit/537.36 (KHTML, like Gecko) Chrome/134.0.0.0 YaBrowser/25.4.0.0 Safari/537.36'),
('211','Вход на страницу производительности','2025-09-02 10:54:56','Пользователь: неизвестно | IP: ::1 | Детали:  | User-Agent: Mozilla/5.0 (Windows NT 10.0; Win64; x64) AppleWebKit/537.36 (KHTML, like Gecko) Chrome/138.0.0.0 YaBrowser/25.8.0.0 Safari/537.36'),
('212','Скачивание логов','2025-09-02 10:55:21','Пользователь: неизвестно | IP: ::1 | Детали: Файл: system_logs_2025-09-02_105521.txt | User-Agent: Mozilla/5.0 (Windows NT 10.0; Win64; x64) AppleWebKit/537.36 (KHTML, like Gecko) Chrome/138.0.0.0 YaBrowser/25.8.0.0 Safari/537.36'),
('213','Вход на страницу ингредиентов','2025-09-02 11:04:15','Пользователь: неизвестно | IP: ::1 | Детали:  | User-Agent: Mozilla/5.0 (Windows NT 10.0; Win64; x64) AppleWebKit/537.36 (KHTML, like Gecko) Chrome/138.0.0.0 YaBrowser/25.8.0.0 Safari/537.36'),
('214','Вход на страницу производительности','2025-09-02 11:05:05','Пользователь: неизвестно | IP: ::1 | Детали:  | User-Agent: Mozilla/5.0 (Windows NT 10.0; Win64; x64) AppleWebKit/537.36 (KHTML, like Gecko) Chrome/138.0.0.0 YaBrowser/25.8.0.0 Safari/537.36'),
('215','Скачивание логов','2025-09-02 11:05:18','Пользователь: неизвестно | IP: ::1 | Детали: Файл: system_logs_2025-09-02_110518.txt | User-Agent: Mozilla/5.0 (Windows NT 10.0; Win64; x64) AppleWebKit/537.36 (KHTML, like Gecko) Chrome/138.0.0.0 YaBrowser/25.8.0.0 Safari/537.36'),
('216','Вход на страницу шеф-поваров','2025-09-02 11:05:40','Пользователь: неизвестно | IP: ::1 | Детали:  | User-Agent: Mozilla/5.0 (Windows NT 10.0; Win64; x64) AppleWebKit/537.36 (KHTML, like Gecko) Chrome/138.0.0.0 YaBrowser/25.8.0.0 Safari/537.36'),
('217','Добавление шеф-повара','2025-09-02 11:05:59','Пользователь: неизвестно | IP: ::1 | Детали: ID: 3, Имя: Сергей, Фамилия: Морозов | User-Agent: Mozilla/5.0 (Windows NT 10.0; Win64; x64) AppleWebKit/537.36 (KHTML, like Gecko) Chrome/138.0.0.0 YaBrowser/25.8.0.0 Safari/537.36'),
('218','Удаление шеф-повара','2025-09-02 11:06:07','Пользователь: неизвестно | IP: ::1 | Детали: ID: 3 | User-Agent: Mozilla/5.0 (Windows NT 10.0; Win64; x64) AppleWebKit/537.36 (KHTML, like Gecko) Chrome/138.0.0.0 YaBrowser/25.8.0.0 Safari/537.36'),
('219','Вход на страницу блюд','2025-09-02 11:06:12','Пользователь: неизвестно | IP: ::1 | Детали:  | User-Agent: Mozilla/5.0 (Windows NT 10.0; Win64; x64) AppleWebKit/537.36 (KHTML, like Gecko) Chrome/138.0.0.0 YaBrowser/25.8.0.0 Safari/537.36'),
('220','Добавление блюда','2025-09-02 11:06:44','Пользователь: неизвестно | IP: ::1 | Детали: Название: Чизбургер, Категория: Горячее, Цена: 999 | User-Agent: Mozilla/5.0 (Windows NT 10.0; Win64; x64) AppleWebKit/537.36 (KHTML, like Gecko) Chrome/138.0.0.0 YaBrowser/25.8.0.0 Safari/537.36'),
('221','Удаление блюда','2025-09-02 11:07:04','Пользователь: неизвестно | IP: ::1 | Детали: ID: 17 | User-Agent: Mozilla/5.0 (Windows NT 10.0; Win64; x64) AppleWebKit/537.36 (KHTML, like Gecko) Chrome/138.0.0.0 YaBrowser/25.8.0.0 Safari/537.36'),
('222','Вход на страницу ингредиентов','2025-09-02 11:07:11','Пользователь: неизвестно | IP: ::1 | Детали:  | User-Agent: Mozilla/5.0 (Windows NT 10.0; Win64; x64) AppleWebKit/537.36 (KHTML, like Gecko) Chrome/138.0.0.0 YaBrowser/25.8.0.0 Safari/537.36'),
('223','Вход на страницу заказов','2025-09-02 11:07:31','Пользователь: неизвестно | IP: ::1 | Детали:  | User-Agent: Mozilla/5.0 (Windows NT 10.0; Win64; x64) AppleWebKit/537.36 (KHTML, like Gecko) Chrome/138.0.0.0 YaBrowser/25.8.0.0 Safari/537.36'),
('224','Вход на страницу рецептов','2025-09-02 11:07:44','Пользователь: неизвестно | IP: ::1 | Детали:  | User-Agent: Mozilla/5.0 (Windows NT 10.0; Win64; x64) AppleWebKit/537.36 (KHTML, like Gecko) Chrome/138.0.0.0 YaBrowser/25.8.0.0 Safari/537.36'),
('225','Вход на страницу рецептов','2025-09-16 02:34:47','Пользователь: неизвестно | IP: ::1 | Детали:  | User-Agent: Mozilla/5.0 (X11; Linux x86_64; rv:109.0) Gecko/20100101 Firefox/115.0'),
('226','Вход на страницу производительности','2025-09-16 02:34:50','Пользователь: неизвестно | IP: ::1 | Детали:  | User-Agent: Mozilla/5.0 (X11; Linux x86_64; rv:109.0) Gecko/20100101 Firefox/115.0'),
('227','Вход на страницу ингредиентов','2025-09-22 06:52:20','Пользователь: semkin | IP: ::1 | Детали:  | User-Agent: Mozilla/5.0 (X11; Linux x86_64; rv:109.0) Gecko/20100101 Firefox/115.0'),
('228','Вход на страницу шеф-поваров','2025-09-22 06:53:26','Пользователь: semkin | IP: ::1 | Детали:  | User-Agent: Mozilla/5.0 (X11; Linux x86_64; rv:109.0) Gecko/20100101 Firefox/115.0'),
('229','Вход на страницу производительности','2025-09-22 06:54:23','Пользователь: semkin | IP: ::1 | Детали:  | User-Agent: Mozilla/5.0 (X11; Linux x86_64; rv:109.0) Gecko/20100101 Firefox/115.0'),
('230','Вход на страницу заказов','2025-09-22 06:56:12','Пользователь: semkin | IP: ::1 | Детали:  | User-Agent: Mozilla/5.0 (X11; Linux x86_64; rv:109.0) Gecko/20100101 Firefox/115.0'),
('231','Вход на страницу производительности','2025-09-22 07:26:51','Пользователь: semkin | IP: ::1 | Детали:  | User-Agent: Mozilla/5.0 (X11; Linux x86_64; rv:109.0) Gecko/20100101 Firefox/115.0'),
('232','Создание бэкапа БД','2025-09-22 07:31:41','Пользователь: semkin | IP: ::1 | Детали: Файл: 2025-09-22_073141 | UA: Mozilla/5.0 (X11; Linux x86_64; rv:109.0) Gecko/20100101 Firefox/115.0'),
('233','Ошибка бэкапа БД','2025-09-22 07:31:41','Пользователь: semkin | IP: ::1 | Детали: Файл не создан: /home/student/Документы/semkin_project/php/backups/backup_2025-09-22_073141.sql | UA: Mozilla/5.0 (X11; Linux x86_64; rv:109.0) Gecko/20100101 Firefox/115.0'),
('234','Создание бэкапа БД','2025-09-22 07:31:44','Пользователь: semkin | IP: ::1 | Детали: Файл: 2025-09-22_073144 | UA: Mozilla/5.0 (X11; Linux x86_64; rv:109.0) Gecko/20100101 Firefox/115.0'),
('235','Ошибка бэкапа БД','2025-09-22 07:31:44','Пользователь: semkin | IP: ::1 | Детали: Файл не создан: /home/student/Документы/semkin_project/php/backups/backup_2025-09-22_073144.sql | UA: Mozilla/5.0 (X11; Linux x86_64; rv:109.0) Gecko/20100101 Firefox/115.0'),
('236','Создание бэкапа БД','2025-09-22 07:32:32','Пользователь: semkin | IP: ::1 | Детали: Файл: 2025-09-22_073232 | UA: Mozilla/5.0 (X11; Linux x86_64; rv:109.0) Gecko/20100101 Firefox/115.0'),
('237','Ошибка бэкапа БД','2025-09-22 07:32:32','Пользователь: semkin | IP: ::1 | Детали: Файл не создан: /home/student/Документы/semkin_project/php/backups/backup_2025-09-22_073232.sql | UA: Mozilla/5.0 (X11; Linux x86_64; rv:109.0) Gecko/20100101 Firefox/115.0'),
('238','Создание бэкапа БД','2025-09-22 07:32:43','Пользователь: semkin | IP: ::1 | Детали: Файл: 2025-09-22_073243 | UA: Mozilla/5.0 (X11; Linux x86_64; rv:109.0) Gecko/20100101 Firefox/115.0'),
('239','Ошибка бэкапа БД','2025-09-22 07:32:43','Пользователь: semkin | IP: ::1 | Детали: Файл не создан: /home/student/Документы/semkin_project/php/backups/backup_2025-09-22_073243.sql | UA: Mozilla/5.0 (X11; Linux x86_64; rv:109.0) Gecko/20100101 Firefox/115.0'),
('240','Скачивание логов','2025-09-22 07:32:58','Пользователь: semkin | IP: ::1 | Детали: Файл: system_logs_2025-09-22_073258.txt | UA: Mozilla/5.0 (X11; Linux x86_64; rv:109.0) Gecko/20100101 Firefox/115.0'),
('241','Создание бэкапа БД','2025-09-22 07:33:01','Пользователь: semkin | IP: ::1 | Детали: Файл: 2025-09-22_073301 | UA: Mozilla/5.0 (X11; Linux x86_64; rv:109.0) Gecko/20100101 Firefox/115.0'),
('242','Ошибка бэкапа БД','2025-09-22 07:33:02','Пользователь: semkin | IP: ::1 | Детали: Файл не создан: /home/student/Документы/semkin_project/php/backups/backup_2025-09-22_073301.sql | UA: Mozilla/5.0 (X11; Linux x86_64; rv:109.0) Gecko/20100101 Firefox/115.0');
UNLOCK TABLES;

COMMIT;
